"Dim","true_rank","Mao.alpha","Mao.lambda.1","Mao.lambda.2","Mao.error.test","Mao.error.all","Mao.error.B","Mao.error.beta","Mao.rank","Mao.time","simputeCov.time","simputeCov.lambda.1","simputeCov.error.test","simputeCov.error.all","simputeCov.error.beta","simputeCov.error.B","simputeCov.rank","simpute.time","simpute.lambda.1","simpute.error.test","simpute.error.all","simpute.error.beta","simpute.error.B","simpute.rank","simputeL2.alpha","simputeL2.lambda.1","simputeL2.lambda.2","simputeL2.error.test","simputeL2.error.all","simputeL2.error.B","simputeL2.error.beta","simputeL2.rank","simputeL2.time","simpute.lambda.2","simputeCov.lambda.2"
"400x400",20,1,0.526315789473684,0.473684210526316,0.83213149200332,0.851299508000012,4.60962609479376,1.51553042419315,21,15,8,0,0.325136968980057,0.309824806530547,0.985491884947685,1.11664233834368,31,9,NA,0.305512862429486,0.302111822534918,NA,NA,400,NA,15.5555555555556,7.00471456550667,0.163947899046786,0.158933488347303,0.884999416190408,0.413785462414357,20,99,10.8152681465052,5.83726213792222
"600x600",20,1,0.421052631578947,0.426315789473684,0.557538522937413,0.564929180908235,3.53751807028431,1.14616708945903,17,26,15,0,0.14387875842002,0.139236392937146,0.447958586129202,0.865877228559323,26,18,NA,0.216840471265669,0.21873860863989,NA,NA,600,NA,13.3333333333333,8.29322646719497,0.104026924320213,0.101407651456346,0.813355211787245,0.286069757801292,19,147,7.80925262066972,8.29322646719497
"800x800",20,1,0.210526315789474,0.378947368421053,0.421712561968883,0.417053130325617,2.43857987567578,0.779620422150011,14,43,28,0,0.0977763018955341,0.0952937304429785,0.290452130791437,0.488179320053489,21,27,NA,0.174311391317338,0.179342395735203,NA,NA,800,NA,15.5555555555556,11.2412475470185,0.0804232637157953,0.0787553386988902,0.476972791980132,0.218365850844432,17,233,10.5630035855732,11.2412475470185
"1000x1000",20,1,0.210526315789474,0.331578947368421,0.340076097440337,0.337815507990971,1.9607469891102,0.653454075599696,15,122,49,0,0.0766203056698923,0.0751653702490626,0.198840777449596,0.495946820028757,23,40,NA,0.167236269604096,0.173242148681449,NA,NA,1000,NA,8.88888888888889,10.8641788674933,0.0669791950419468,0.0658265804157939,0.47732939569929,0.165744292457711,17,354,12.8085365123144,10.8641788674933
