"Dim","true_rank","Mao.alpha","Mao.lambda.1","Mao.lambda.2","Mao.error.test","Mao.error.all","Mao.error.B","Mao.error.beta","Mao.rank","Mao.time","simputeCov.time","simputeCov.lambda.1","simputeCov.error.test","simputeCov.error.all","simputeCov.error.beta","simputeCov.error.B","simputeCov.rank","simpute.time","simpute.lambda.1","simpute.error.test","simpute.error.all","simpute.error.beta","simpute.error.B","simpute.rank","simputeL2.alpha","simputeL2.lambda.1","simputeL2.lambda.2","simputeL2.error.test","simputeL2.error.all","simputeL2.error.B","simputeL2.error.beta","simputeL2.rank","simputeL2.time","simpute.lambda.2","simputeCov.lambda.2"
"400x400",20,1,0.210526315789474,0.331578947368421,0.400462982967642,0.389769395992801,2.19972548621591,0.734973941177055,14,15,8,0,0.098259433263912,0.0940716318984892,0.251050406471691,0.626753617317797,21,7,NA,0.177380965164545,0.190553887669397,NA,NA,400,NA,13.3333333333333,11.2291596183967,0.0836784308176007,0.0806601497900469,0.61232750204823,0.200247492294641,16,89,10.3616285402981,11.2291596183967
"600x600",20,1,0.105263157894737,0.284210526315789,0.254426834420738,0.248626976420178,1.74945801720971,0.516466723613622,15,26,18,0,0.0607326019381567,0.0588481918219514,0.160546635738167,0.626676877965442,21,16,NA,0.128986008205878,0.146301907442217,NA,NA,600,NA,13.3333333333333,12.9408267970091,0.0544946471628279,0.0529558781908539,0.62704929225054,0.138203164598461,17,145,15.2848435568804,12.9408267970091
"800x800",20,1,0.105263157894737,0.236842105263158,0.190238689622803,0.185527696003657,1.15244070009371,0.356791162942434,17,41,31,0,0.0478459104522439,0.046691935815765,0.116161563971173,0.356878986409497,19,25,NA,0.0978110542478242,0.120134114246465,NA,NA,800,NA,11.1111111111111,13.3609349051591,0.0443126937367221,0.0432483338316178,0.357770347618092,0.103211918401629,16,208,0,17.8145798735455
"1000x1000",20,1,0.105263157894737,0.236842105263158,0.170819396115681,0.168126277926152,1.13435084895331,0.289687782551496,11,108,49,0,0.0407860452008511,0.039976959135446,0.0841399062503772,0.390858104205851,19,35,NA,0.071520543317327,0.0990585005706187,NA,NA,1000,NA,8.88888888888889,16.2396852515432,0.0379586988298295,0.0373211248296437,0.383631082697867,0.0781055532743489,15,305,0,16.2396852515432
