"Dim","true_rank","Mao.alpha","Mao.lambda.1","Mao.lambda.2","Mao.error.test","Mao.error.all","Mao.error.B","Mao.error.beta","Mao.rank","Mao.time","simputeCov.time","simputeCov.lambda.1","simputeCov.error.test","simputeCov.error.all","simputeCov.error.beta","simputeCov.error.B","simputeCov.rank","simpute.time","simpute.lambda.1","simpute.error.test","simpute.error.all","simpute.error.beta","simpute.error.B","simpute.rank","simputeL2.alpha","simputeL2.lambda.1","simputeL2.lambda.2","simputeL2.error.test","simputeL2.error.all","simputeL2.error.B","simputeL2.error.beta","simputeL2.rank","simputeL2.time","simpute.lambda.2","simputeCov.lambda.2"
"400x400",15,1,0.421052631578947,0.378947368421053,0.791714540253307,1.48854170813965,2.02952344708082,0.40990660429314,38,14,11,0,0.609139575822425,0.570519913946834,0.362687683169816,0.677790405771584,15,12,NA,0.751044781894207,0.781106362305928,NA,NA,400,NA,15.5555555555556,28.0177233478534,0.53698467572411,0.503991842902626,0.632464601686007,0.250273709148155,15,128,41.1643970835776,28.0177233478534
"600x600",15,1,0.315789473684211,0.521052631578947,0.603506620084143,0.678802062657789,0.873957840910641,0.257323673736319,64,22,18,0,0.353825495387053,0.334489758224937,0.208799595367506,0.393231327510211,15,27,NA,0.552253742891703,0.622797542899231,NA,NA,600,NA,17.7777777777778,38.7326810890761,0.337786626473398,0.319634207649267,0.388268509300318,0.171931438786255,15,167,47.9667107738107,38.7326810890761
"800x800",15,1,0.210526315789474,0.473684210526316,0.590626278974487,0.715595806112286,0.946670107143799,0.230712881521081,65,36,22,0,0.318539412609681,0.296735031146593,0.142511566964505,0.370335060343316,15,43,NA,0.463764890069636,0.550540583463515,NA,NA,800,NA,17.7777777777778,53.3392059202361,0.311139303878074,0.289719381151552,0.369273711293638,0.122660486987833,15,193,51.1991643474414,53.3392059202361
"1000x1000",15,1,0.210526315789474,0.521052631578947,0.527930048857436,0.603207088763487,0.796087476488291,0.1980892532009,73,58,34,0,0.265992141708552,0.253045394071647,0.129480684199396,0.312060109720934,15,61,NA,0.410267622923114,0.49238608882786,NA,NA,1000,NA,17.7777777777778,53.1964133911817,0.261431740015095,0.248636632705065,0.31265617066196,0.114238045457768,15,255,52.2773092578619,53.1964133911817
