"Dim","true_rank","Mao.alpha","Mao.lambda.1","Mao.lambda.2","Mao.error.test","Mao.error.all","Mao.error.B","Mao.error.beta","Mao.rank","Mao.time","simputeCov.time","simputeCov.lambda.1","simputeCov.error.test","simputeCov.error.all","simputeCov.error.beta","simputeCov.error.B","simputeCov.rank","simpute.time","simpute.lambda.1","simpute.error.test","simpute.error.all","simpute.error.beta","simpute.error.B","simpute.rank","simputeL2.alpha","simputeL2.lambda.1","simputeL2.lambda.2","simputeL2.error.test","simputeL2.error.all","simputeL2.error.B","simputeL2.error.beta","simputeL2.rank","simputeL2.time","simpute.lambda.2","simputeCov.lambda.2"
"400x400",20,1,0.210526315789474,0.331578947368421,0.400462982967642,0.389769395992801,2.19972548621591,0.734973941177055,14,9,6,0,0.098259433263912,0.0940716318984892,0.251050406471691,0.626753617317797,21,5,NA,0.177380965164545,0.190553887669397,NA,NA,400,NA,13.6842105263158,13.474991542076,0.0891060601300382,0.0856953517821068,0.648817923111457,0.203564319740407,23,28,10.3616285402981,11.2291596183967
"600x600",20,1,0.105263157894737,0.284210526315789,0.254426834420738,0.248626976420178,1.74945801720971,0.516466723613622,15,17,12,0,0.0607326019381567,0.0588481918219514,0.160546635738167,0.626676877965442,21,11,NA,0.128986008205878,0.146301907442217,NA,NA,600,NA,12.6315789473684,16.1760334962613,0.0571351105981892,0.055373527799068,0.6454399436033,0.140063210766441,26,61,15.2848435568804,12.9408267970091
"800x800",20,1,0.105263157894737,0.236842105263158,0.190238689622803,0.185527696003657,1.15244070009371,0.356791162942434,17,27,20,0,0.0478459104522439,0.046691935815765,0.116161563971173,0.356878986409497,19,17,NA,0.0978110542478242,0.120134114246465,NA,NA,800,NA,10.5263157894737,17.8145798735455,0.0472104412407382,0.0459015709354267,0.377664584458232,0.104685133434847,35,115,0,17.8145798735455
"1000x1000",20,1,0.105263157894737,0.236842105263158,0.170819396115681,0.168126277926152,1.13435084895331,0.289687782551496,11,66,33,0,0.0407860452008511,0.039976959135446,0.0841399062503772,0.390858104205851,19,25,NA,0.071520543317327,0.0990585005706187,NA,NA,1000,NA,11.5789473684211,21.6529136687242,0.0399144835940309,0.0391129506307814,0.399246851734787,0.0790410745409328,25,205,0,16.2396852515432
