"Dim","true_rank","Mao.alpha","Mao.lambda.1","Mao.lambda.2","Mao.error.test","Mao.error.all","Mao.error.B","Mao.error.beta","Mao.rank","Mao.time","simputeCov.time","simputeCov.lambda.1","simputeCov.error.test","simputeCov.error.all","simputeCov.error.beta","simputeCov.error.B","simputeCov.rank","simpute.time","simpute.lambda.1","simpute.error.test","simpute.error.all","simpute.error.beta","simpute.error.B","simpute.rank","simputeL2.alpha","simputeL2.lambda.1","simputeL2.lambda.2","simputeL2.error.test","simputeL2.error.all","simputeL2.error.B","simputeL2.error.beta","simputeL2.rank","simputeL2.time","simpute.lambda.2","simputeCov.lambda.2"
"400x400",20,1,0.315789473684211,0.473684210526316,0.79802229322097,0.863131197384032,5.17501618922327,1.41602630780453,21,15,9,0,0.277480044430694,0.265498257479892,163521.236216077,1.11441228030221,34,9,NA,0.267619862907779,0.265572813776928,NA,NA,400,NA,11.1111111111111,5.92942651192347,0.146737904665147,0.142246189719008,0.894279849128413,0.449014375256504,20,101,5.58525673200805,4.74354120953878
"600x600",20,1,0.210526315789474,0.426315789473684,0.512904245966861,0.50883779746941,3.36941621514319,1.11664496535755,19,27,14,0,0.131256231494467,0.127175978075153,90763.7089187482,0.81728751754084,27,19,NA,0.180402749696245,0.183993362593156,NA,NA,600,NA,13.3333333333333,8.37987822723534,0.0880009355684089,0.0860725837897871,0.755591172051752,0.330827826088072,19,150,8.09382826667812,8.37987822723534
"800x800",20,1,0.105263157894737,0.378947368421053,0.388074132805051,0.389598046064018,2.59838172156396,0.855324672928138,20,43,31,0,0.0871692978072622,0.0849359312778974,57602.5051911553,0.493852533355844,22,28,NA,0.143883380915373,0.149144111043605,NA,NA,800,NA,15.5555555555556,11.2246283356998,0.0671331985942026,0.0657772866460397,0.47865174985315,0.290617478971179,17,231,10.826279478091,11.2246283356998
"1000x1000",20,1,0.105263157894737,0.331578947368421,0.295206840613415,0.293037064831382,2.00522955903874,0.706422324856154,20,121,52,0,0.0658917465486977,0.0646625178549915,37669.6967813815,0.499687351895798,23,41,NA,0.126277050810299,0.132816348912803,NA,NA,1000,NA,13.3333333333333,10.924269100299,0.054571825614965,0.0536927095519255,0.482099328208962,0.241753195112634,17,356,13.3022501818734,10.924269100299
