"Dim","true_rank","Mao.alpha","Mao.lambda.1","Mao.lambda.2","Mao.error.test","Mao.error.all","Mao.error.B","Mao.error.beta","Mao.rank","Mao.time","simputeCov.time","simputeCov.lambda.1","simputeCov.error.test","simputeCov.error.all","simputeCov.error.beta","simputeCov.error.B","simputeCov.rank","simpute.time","simpute.lambda.1","simpute.error.test","simpute.error.all","simpute.error.beta","simpute.error.B","simpute.rank","simputeL2.alpha","simputeL2.lambda.1","simputeL2.lambda.2","simputeL2.error.test","simputeL2.error.all","simputeL2.error.B","simputeL2.error.beta","simputeL2.rank","simputeL2.time","simpute.lambda.2","simputeCov.lambda.2"
"400x400",20,1,0.526315789473684,0.473684210526316,0.83213149200332,0.851299508000012,4.60962609479376,1.51553042419315,21,10,5,0,0.325136968980057,0.309824806530547,0.985491884947685,1.11664233834368,31,6,NA,0.305512862429486,0.302111822534918,NA,NA,400,NA,16.8421052631579,8.17216699309111,0.169028440624804,0.163764760126842,0.914160631694143,0.422456661392041,28,24,10.8152681465052,5.83726213792222
"600x600",20,1,0.421052631578947,0.426315789473684,0.557538522937413,0.564929180908235,3.53751807028431,1.14616708945903,17,17,11,0,0.14387875842002,0.139236392937146,0.447958586129202,0.865877228559323,26,12,NA,0.216840471265669,0.21873860863989,NA,NA,600,NA,14.7368421052632,9.95187176063396,0.108582822586727,0.105788206893712,0.843565615554226,0.293560223981346,33,68,7.80925262066972,8.29322646719497
"800x800",20,1,0.210526315789474,0.378947368421053,0.421712561968883,0.417053130325617,2.43857987567578,0.779620422150011,14,30,20,0,0.0977763018955341,0.0952937304429785,0.290452130791437,0.488179320053489,21,20,NA,0.174311391317338,0.179342395735203,NA,NA,800,NA,16.8421052631579,13.4894970564222,0.0831889461307604,0.0814039025359448,0.497147778715226,0.221200974938478,23,95,10.5630035855732,11.2412475470185
"1000x1000",20,1,0.210526315789474,0.331578947368421,0.340076097440337,0.337815507990971,1.9607469891102,0.653454075599696,15,89,36,0,0.0766203056698923,0.0751653702490626,0.198840777449596,0.495946820028757,23,34,NA,0.167236269604096,0.173242148681449,NA,NA,1000,NA,14.7368421052632,13.5802235843666,0.0721058886893821,0.07079845206821,0.51649658061341,0.17034736876609,34,162,12.8085365123144,10.8641788674933
