"Dim","true_rank","Mao.alpha","Mao.lambda.1","Mao.lambda.2","Mao.error.test","Mao.error.all","Mao.error.B","Mao.error.beta","Mao.rank","Mao.time","simputeCov.time","simputeCov.lambda.1","simputeCov.error.test","simputeCov.error.all","simputeCov.error.beta","simputeCov.error.B","simputeCov.rank","simpute.time","simpute.lambda.1","simpute.error.test","simpute.error.all","simpute.error.beta","simpute.error.B","simpute.rank","simputeL2.alpha","simputeL2.lambda.1","simputeL2.lambda.2","simputeL2.error.test","simputeL2.error.all","simputeL2.error.B","simputeL2.error.beta","simputeL2.rank","simputeL2.time","simpute.lambda.2","simputeCov.lambda.2"
"400x400",20,1,0.315789473684211,0.473684210526316,0.79802229322097,0.863131197384032,5.17501618922327,1.41602630780453,21,10,6,0,0.277480044430694,0.265498257479892,163521.236216077,1.11441228030221,34,6,NA,0.267619862907779,0.265572813776928,NA,NA,400,NA,14.7368421052632,7.11531181430816,0.151061767339918,0.146339579538232,0.902539991765109,0.46194002872134,35,27,5.58525673200805,4.74354120953878
"600x600",20,1,0.210526315789474,0.426315789473684,0.512904245966861,0.50883779746941,3.36941621514319,1.11664496535755,19,17,10,0,0.131256231494467,0.127175978075153,90763.7089187482,0.81728751754084,27,12,NA,0.180402749696245,0.183993362593156,NA,NA,600,NA,13.6842105263158,10.0558538726824,0.0916654524663531,0.0896063463675884,0.78443234665623,0.334779145547175,34,52,8.09382826667812,8.37987822723534
"800x800",20,1,0.105263157894737,0.378947368421053,0.388074132805051,0.389598046064018,2.59838172156396,0.855324672928138,20,28,21,0,0.0871692978072622,0.0849359312778974,57602.5051911553,0.493852533355844,22,20,NA,0.143883380915373,0.149144111043605,NA,NA,800,NA,16.8421052631579,13.4695540028398,0.0694817309309868,0.0680268260829952,0.499804804863001,0.292220120871799,24,92,10.826279478091,11.2246283356998
"1000x1000",20,1,0.105263157894737,0.331578947368421,0.295206840613415,0.293037064831382,2.00522955903874,0.706422324856154,20,70,35,0,0.0658917465486977,0.0646625178549915,37669.6967813815,0.499687351895798,23,29,NA,0.126277050810299,0.132816348912803,NA,NA,1000,NA,11.5789473684211,13.6553363753738,0.0586742007460931,0.0576585917657861,0.51855176175902,0.2426563099769,32,158,13.3022501818734,10.924269100299
